id,name,language.code,language.href,syllabic,feature.id,feature.href,category,status.code,status.href,concise.code,concise.href,generic.code,generic.href,location,province.code,province.href,map,relevance,accuracy,latitude,longitude,decision
ACPVZ,Terre-Neuve-et-Labrador,und,https://geogratis.gc.ca/services/geoname/en/codes/language/und,,64b474a0ba1f11d892e2080020a0f4c9,https://geogratis.gc.ca/services/geoname/en/features/64b474a0ba1f11d892e2080020a0f4c9,P,official,https://geogratis.gc.ca/services/geoname/en/codes/status/official,PROV,https://geogratis.gc.ca/services/geoname/en/codes/concise/PROV,491,https://geogratis.gc.ca/services/geoname/en/codes/generic/491,,10,https://geogratis.gc.ca/services/geoname/en/codes/province/10,MCR77,30000000,100,53.23,-59.999167,2001-12-06
KAHLF,Yukon Territory,und,https://geogratis.gc.ca/services/geoname/en/codes/language/und,,68b803ebba3611d892e2080020a0f4c9,https://geogratis.gc.ca/services/geoname/en/features/68b803ebba3611d892e2080020a0f4c9,H,previouslyOfficial,https://geogratis.gc.ca/services/geoname/en/codes/status/previouslyOfficial,TERR,https://geogratis.gc.ca/services/geoname/en/codes/concise/TERR,492,https://geogratis.gc.ca/services/geoname/en/codes/generic/492,,60,https://geogratis.gc.ca/services/geoname/en/codes/province/60,105L15,30000000,100,63.0,-135.0,1898-06-13
JDAKT,British Columbia,und,https://geogratis.gc.ca/services/geoname/en/codes/language/und,,43b1b6b3ba3611d892e2080020a0f4c9,https://geogratis.gc.ca/services/geoname/en/features/43b1b6b3ba3611d892e2080020a0f4c9,P,official,https://geogratis.gc.ca/services/geoname/en/codes/status/official,PROV,https://geogratis.gc.ca/services/geoname/en/codes/concise/PROV,491,https://geogratis.gc.ca/services/geoname/en/codes/generic/491,,59,https://geogratis.gc.ca/services/geoname/en/codes/province/59,MCR3,30000000,100,54.0,-125.0,1958-12-31
LBCFB,Northwest Territories,und,https://geogratis.gc.ca/services/geoname/en/codes/language/und,,7b8b0c45ba3611d892e2080020a0f4c9,https://geogratis.gc.ca/services/geoname/en/features/7b8b0c45ba3611d892e2080020a0f4c9,P,official,https://geogratis.gc.ca/services/geoname/en/codes/status/official,TERR,https://geogratis.gc.ca/services/geoname/en/codes/concise/TERR,492,https://geogratis.gc.ca/services/geoname/en/codes/generic/492,,61,https://geogratis.gc.ca/services/geoname/en/codes/province/61,MCR130,30000000,100,69.500306,-121.502223,1983-11-23
ACPVY,Newfoundland and Labrador,und,https://geogratis.gc.ca/services/geoname/en/codes/language/und,,64b474a0ba1f11d892e2080020a0f4c9,https://geogratis.gc.ca/services/geoname/en/features/64b474a0ba1f11d892e2080020a0f4c9,P,official,https://geogratis.gc.ca/services/geoname/en/codes/status/official,PROV,https://geogratis.gc.ca/services/geoname/en/codes/concise/PROV,491,https://geogratis.gc.ca/services/geoname/en/codes/generic/491,,10,https://geogratis.gc.ca/services/geoname/en/codes/province/10,MCR77,30000000,100,53.23,-59.999167,2001-12-06
GBGYI,Manitoba,cre,https://geogratis.gc.ca/services/geoname/en/codes/language/cre,,b8cef9b1bbe011d892e2080020a0f4c9,https://geogratis.gc.ca/services/geoname/en/features/b8cef9b1bbe011d892e2080020a0f4c9,O,official,https://geogratis.gc.ca/services/geoname/en/codes/status/official,PROV,https://geogratis.gc.ca/services/geoname/en/codes/concise/PROV,491,https://geogratis.gc.ca/services/geoname/en/codes/generic/491,,46,https://geogratis.gc.ca/services/geoname/en/codes/province/46,MCR27,30000000,100,55.0,-97.0,1905-12-31
OAUFQ,Nunavut,ike,https://geogratis.gc.ca/services/geoname/en/codes/language/ike,ᓄᓇᕗᑦ,b8f98c24bbe011d892e2080020a0f4c9,https://geogratis.gc.ca/services/geoname/en/features/b8f98c24bbe011d892e2080020a0f4c9,O,official,https://geogratis.gc.ca/services/geoname/en/codes/status/official,TERR,https://geogratis.gc.ca/services/geoname/en/codes/concise/TERR,492,https://geogratis.gc.ca/services/geoname/en/codes/generic/492,,62,https://geogratis.gc.ca/services/geoname/en/codes/province/62,057E03,30000000,100,70.166667,-90.733333,1999-04-01
EHZJK,Sainte-Foy,und,https://geogratis.gc.ca/services/geoname/en/codes/language/und,,24e21a60be4811d892e2080020a0f4c9,https://geogratis.gc.ca/services/geoname/en/features/24e21a60be4811d892e2080020a0f4c9,H,previouslyOfficial,https://geogratis.gc.ca/services/geoname/en/codes/status/previouslyOfficial,CITY,https://geogratis.gc.ca/services/geoname/en/codes/concise/CITY,23,https://geogratis.gc.ca/services/geoname/en/codes/generic/23,"Québec; Québec",24,https://geogratis.gc.ca/services/geoname/en/codes/province/24,021L14,30000000,100,46.813819,-71.207997,2002-01-24
EQKTO,Lac-Saint-Charles,und,https://geogratis.gc.ca/services/geoname/en/codes/language/und,,24e21a60be4811d892e2080020a0f4c9,https://geogratis.gc.ca/services/geoname/en/features/24e21a60be4811d892e2080020a0f4c9,H,previouslyOfficial,https://geogratis.gc.ca/services/geoname/en/codes/status/previouslyOfficial,CITY,https://geogratis.gc.ca/services/geoname/en/codes/concise/CITY,23,https://geogratis.gc.ca/services/geoname/en/codes/generic/23,"Québec; Québec",24,https://geogratis.gc.ca/services/geoname/en/codes/province/24,021L14,30000000,100,46.813819,-71.207997,2002-01-24
EKOKV,Cap-Rouge,und,https://geogratis.gc.ca/services/geoname/en/codes/language/und,,24e21a60be4811d892e2080020a0f4c9,https://geogratis.gc.ca/services/geoname/en/features/24e21a60be4811d892e2080020a0f4c9,H,previouslyOfficial,https://geogratis.gc.ca/services/geoname/en/codes/status/previouslyOfficial,CITY,https://geogratis.gc.ca/services/geoname/en/codes/concise/CITY,23,https://geogratis.gc.ca/services/geoname/en/codes/generic/23,"Québec; Québec",24,https://geogratis.gc.ca/services/geoname/en/codes/province/24,021L14,30000000,100,46.813819,-71.207997,2002-01-24
ABRBH,Newfoundland,und,https://geogratis.gc.ca/services/geoname/en/codes/language/und,,64b474a0ba1f11d892e2080020a0f4c9,https://geogratis.gc.ca/services/geoname/en/features/64b474a0ba1f11d892e2080020a0f4c9,H,previouslyOfficial,https://geogratis.gc.ca/services/geoname/en/codes/status/previouslyOfficial,PROV,https://geogratis.gc.ca/services/geoname/en/codes/concise/PROV,491,https://geogratis.gc.ca/services/geoname/en/codes/generic/491,,10,https://geogratis.gc.ca/services/geoname/en/codes/province/10,MCR77,30000000,100,53.23,-59.999167,2001-12-06
DAFMJ,Fredericton,und,https://geogratis.gc.ca/services/geoname/en/codes/language/und,,214dbdded05511d892e2080020a0f4c9,https://geogratis.gc.ca/services/geoname/en/features/214dbdded05511d892e2080020a0f4c9,O,official,https://geogratis.gc.ca/services/geoname/en/codes/status/official,CITY,https://geogratis.gc.ca/services/geoname/en/codes/concise/CITY,1,https://geogratis.gc.ca/services/geoname/en/codes/generic/1,"York",13,https://geogratis.gc.ca/services/geoname/en/codes/province/13,021G15,30000000,100,45.945278,-66.666667,1994-02-22
GBEIN,Winnipeg,cre,https://geogratis.gc.ca/services/geoname/en/codes/language/cre,,c5868fcfbef311d892e2080020a0f4c9,https://geogratis.gc.ca/services/geoname/en/features/c5868fcfbef311d892e2080020a0f4c9,O,official,https://geogratis.gc.ca/services/geoname/en/codes/status/official,CITY,https://geogratis.gc.ca/services/geoname/en/codes/concise/CITY,1,https://geogratis.gc.ca/services/geoname/en/codes/generic/1,,46,https://geogratis.gc.ca/services/geoname/en/codes/province/46,062H14,30000000,100,49.884444,-97.146389,1972-01-01
OAGBB,Frobisher Bay,und,https://geogratis.gc.ca/services/geoname/en/codes/language/und,,33e24964c6ce11d892e2080020a0f4c9,https://geogratis.gc.ca/services/geoname/en/features/33e24964c6ce11d892e2080020a0f4c9,H,previouslyOfficial,https://geogratis.gc.ca/services/geoname/en/codes/status/previouslyOfficial,TOWN,https://geogratis.gc.ca/services/geoname/en/codes/concise/TOWN,2,https://geogratis.gc.ca/services/geoname/en/codes/generic/2,,62,https://geogratis.gc.ca/services/geoname/en/codes/province/62,025N10,30000000,100,63.75,-68.516667,1987-01-01
OAGAX,Frobisher,und,https://geogratis.gc.ca/services/geoname/en/codes/language/und,,33e24964c6ce11d892e2080020a0f4c9,https://geogratis.gc.ca/services/geoname/en/features/33e24964c6ce11d892e2080020a0f4c9,H,previouslyOfficial,https://geogratis.gc.ca/services/geoname/en/codes/status/previouslyOfficial,UNP,https://geogratis.gc.ca/services/geoname/en/codes/concise/UNP,104,https://geogratis.gc.ca/services/geoname/en/codes/generic/104,,62,https://geogratis.gc.ca/services/geoname/en/codes/province/62,025N10,30000000,100,63.75,-68.516667,1979-03-09
FEHRI,Ontario,mis,https://geogratis.gc.ca/services/geoname/en/codes/language/mis,,b8734520bbe011d892e2080020a0f4c9,https://geogratis.gc.ca/services/geoname/en/features/b8734520bbe011d892e2080020a0f4c9,O,official,https://geogratis.gc.ca/services/geoname/en/codes/status/official,PROV,https://geogratis.gc.ca/services/geoname/en/codes/concise/PROV,491,https://geogratis.gc.ca/services/geoname/en/codes/generic/491,,35,https://geogratis.gc.ca/services/geoname/en/codes/province/35,MCR39,30000000,100,49.25,-84.5,1867-07-01
BACBM,Prince Edward Island,und,https://geogratis.gc.ca/services/geoname/en/codes/language/und,,7202fafcba1f11d892e2080020a0f4c9,https://geogratis.gc.ca/services/geoname/en/features/7202fafcba1f11d892e2080020a0f4c9,P,official,https://geogratis.gc.ca/services/geoname/en/codes/status/official,PROV,https://geogratis.gc.ca/services/geoname/en/codes/concise/PROV,491,https://geogratis.gc.ca/services/geoname/en/codes/generic/491,,11,https://geogratis.gc.ca/services/geoname/en/codes/province/11,MCR77,30000000,100,46.5,-63.0,1898-12-31
IACMP,Edmonton,und,https://geogratis.gc.ca/services/geoname/en/codes/language/und,,8b296095c6be11d892e2080020a0f4c9,https://geogratis.gc.ca/services/geoname/en/features/8b296095c6be11d892e2080020a0f4c9,O,official,https://geogratis.gc.ca/services/geoname/en/codes/status/official,CITY,https://geogratis.gc.ca/services/geoname/en/codes/concise/CITY,1,https://geogratis.gc.ca/services/geoname/en/codes/generic/1,,48,https://geogratis.gc.ca/services/geoname/en/codes/province/48,083H11,30000000,100,53.5344445,-113.4902778,2002-01-01
KAHUP,Territoire du Yukon,und,https://geogratis.gc.ca/services/geoname/en/codes/language/und,,68b803ebba3611d892e2080020a0f4c9,https://geogratis.gc.ca/services/geoname/en/features/68b803ebba3611d892e2080020a0f4c9,H,previouslyOfficial,https://geogratis.gc.ca/services/geoname/en/codes/status/previouslyOfficial,TERR,https://geogratis.gc.ca/services/geoname/en/codes/concise/TERR,510,https://geogratis.gc.ca/services/geoname/en/codes/generic/510,,60,https://geogratis.gc.ca/services/geoname/en/codes/province/60,105L15,30000000,100,63.0,-135.0,1983-11-23
JDAKU,Colombie-Britannique,und,https://geogratis.gc.ca/services/geoname/en/codes/language/und,,43b1b6b3ba3611d892e2080020a0f4c9,https://geogratis.gc.ca/services/geoname/en/features/43b1b6b3ba3611d892e2080020a0f4c9,P,official,https://geogratis.gc.ca/services/geoname/en/codes/status/official,PROV,https://geogratis.gc.ca/services/geoname/en/codes/concise/PROV,491,https://geogratis.gc.ca/services/geoname/en/codes/generic/491,,59,https://geogratis.gc.ca/services/geoname/en/codes/province/59,MCR3,30000000,100,54.0,-125.0,1983-11-23
OATRP,Iqaluit,ike,https://geogratis.gc.ca/services/geoname/en/codes/language/ike,ᐃᖃᓗᐃᑦ,33e24964c6ce11d892e2080020a0f4c9,https://geogratis.gc.ca/services/geoname/en/features/33e24964c6ce11d892e2080020a0f4c9,O,official,https://geogratis.gc.ca/services/geoname/en/codes/status/official,CITY,https://geogratis.gc.ca/services/geoname/en/codes/concise/CITY,1,https://geogratis.gc.ca/services/geoname/en/codes/generic/1,,62,https://geogratis.gc.ca/services/geoname/en/codes/province/62,025N10,30000000,100,63.75,-68.516667,2001-04-19
LBCFC,Territoires du Nord-Ouest,und,https://geogratis.gc.ca/services/geoname/en/codes/language/und,,7b8b0c45ba3611d892e2080020a0f4c9,https://geogratis.gc.ca/services/geoname/en/features/7b8b0c45ba3611d892e2080020a0f4c9,P,official,https://geogratis.gc.ca/services/geoname/en/codes/status/official,TERR,https://geogratis.gc.ca/services/geoname/en/codes/concise/TERR,510,https://geogratis.gc.ca/services/geoname/en/codes/generic/510,,61,https://geogratis.gc.ca/services/geoname/en/codes/province/61,MCR130,30000000,100,69.500306,-121.502223,1999-04-01
EFGGJ,Quebec,und,https://geogratis.gc.ca/services/geoname/en/codes/language/und,,6f733341ba2011d892e2080020a0f4c9,https://geogratis.gc.ca/services/geoname/en/features/6f733341ba2011d892e2080020a0f4c9,P,official,https://geogratis.gc.ca/services/geoname/en/codes/status/official,PROV,https://geogratis.gc.ca/services/geoname/en/codes/concise/PROV,491,https://geogratis.gc.ca/services/geoname/en/codes/generic/491,,24,https://geogratis.gc.ca/services/geoname/en/codes/province/24,033A01,30000000,100,52.0,-72.0,1983-11-23
DBBWP,New Brunswick,und,https://geogratis.gc.ca/services/geoname/en/codes/language/und,,7bf1dba0ba1f11d892e2080020a0f4c9,https://geogratis.gc.ca/services/geoname/en/features/7bf1dba0ba1f11d892e2080020a0f4c9,P,official,https://geogratis.gc.ca/services/geoname/en/codes/status/official,PROV,https://geogratis.gc.ca/services/geoname/en/codes/concise/PROV,491,https://geogratis.gc.ca/services/geoname/en/codes/generic/491,,13,https://geogratis.gc.ca/services/geoname/en/codes/province/13,MCR77,30000000,100,46.5,-66.0,1983-11-23
KAIIM,Yukon,gwi,https://geogratis.gc.ca/services/geoname/en/codes/language/gwi,,68b803ebba3611d892e2080020a0f4c9,https://geogratis.gc.ca/services/geoname/en/features/68b803ebba3611d892e2080020a0f4c9,O,official,https://geogratis.gc.ca/services/geoname/en/codes/status/official,TERR,https://geogratis.gc.ca/services/geoname/en/codes/concise/TERR,492,https://geogratis.gc.ca/services/geoname/en/codes/generic/492,,60,https://geogratis.gc.ca/services/geoname/en/codes/province/60,105L15,30000000,100,63.0,-135.0,2003-04-01
EHTWR,Québec,mis,https://geogratis.gc.ca/services/geoname/en/codes/language/mis,,24e21a60be4811d892e2080020a0f4c9,https://geogratis.gc.ca/services/geoname/en/features/24e21a60be4811d892e2080020a0f4c9,O,official,https://geogratis.gc.ca/services/geoname/en/codes/status/official,CITY,https://geogratis.gc.ca/services/geoname/en/codes/concise/CITY,23,https://geogratis.gc.ca/services/geoname/en/codes/generic/23,"Québec; Capitale-Nationale",24,https://geogratis.gc.ca/services/geoname/en/codes/province/24,021L14,30000000,100,46.813819,-71.207997,2002-01-24
JBOBQ,Victoria,und,https://geogratis.gc.ca/services/geoname/en/codes/language/und,,0cfb728f849c20c36f8ebf28d7e4d1d4,https://geogratis.gc.ca/services/geoname/en/features/0cfb728f849c20c36f8ebf28d7e4d1d4,O,official,https://geogratis.gc.ca/services/geoname/en/codes/status/official,CITY,https://geogratis.gc.ca/services/geoname/en/codes/concise/CITY,1,https://geogratis.gc.ca/services/geoname/en/codes/generic/1,"Victoria Land District",59,https://geogratis.gc.ca/services/geoname/en/codes/province/59,092B06,30000000,100,48.428333,-123.364722,1934-05-01
EFGGK,Québec,und,https://geogratis.gc.ca/services/geoname/en/codes/language/und,,6f733341ba2011d892e2080020a0f4c9,https://geogratis.gc.ca/services/geoname/en/features/6f733341ba2011d892e2080020a0f4c9,P,official,https://geogratis.gc.ca/services/geoname/en/codes/status/official,PROV,https://geogratis.gc.ca/services/geoname/en/codes/concise/PROV,491,https://geogratis.gc.ca/services/geoname/en/codes/generic/491,,24,https://geogratis.gc.ca/services/geoname/en/codes/province/24,033A01,30000000,100,52.0,-72.0,1983-11-23
EFLXW,Beauport,und,https://geogratis.gc.ca/services/geoname/en/codes/language/und,,24e21a60be4811d892e2080020a0f4c9,https://geogratis.gc.ca/services/geoname/en/features/24e21a60be4811d892e2080020a0f4c9,H,previouslyOfficial,https://geogratis.gc.ca/services/geoname/en/codes/status/previouslyOfficial,CITY,https://geogratis.gc.ca/services/geoname/en/codes/concise/CITY,23,https://geogratis.gc.ca/services/geoname/en/codes/generic/23,"Québec; Québec",24,https://geogratis.gc.ca/services/geoname/en/codes/province/24,021L14,30000000,100,46.813819,-71.207997,2002-01-24
EITUH,Val-Bélair,und,https://geogratis.gc.ca/services/geoname/en/codes/language/und,,24e21a60be4811d892e2080020a0f4c9,https://geogratis.gc.ca/services/geoname/en/features/24e21a60be4811d892e2080020a0f4c9,H,previouslyOfficial,https://geogratis.gc.ca/services/geoname/en/codes/status/previouslyOfficial,CITY,https://geogratis.gc.ca/services/geoname/en/codes/concise/CITY,23,https://geogratis.gc.ca/services/geoname/en/codes/generic/23,"Québec; Québec",24,https://geogratis.gc.ca/services/geoname/en/codes/province/24,021L14,30000000,100,46.813819,-71.207997,2002-01-24
CBRQT,Nouvelle-Écosse,und,https://geogratis.gc.ca/services/geoname/en/codes/language/und,,2abcb7c5af4311d892e2080020a0f4c9,https://geogratis.gc.ca/services/geoname/en/features/2abcb7c5af4311d892e2080020a0f4c9,P,official,https://geogratis.gc.ca/services/geoname/en/codes/status/official,PROV,https://geogratis.gc.ca/services/geoname/en/codes/concise/PROV,491,https://geogratis.gc.ca/services/geoname/en/codes/generic/491,,12,https://geogratis.gc.ca/services/geoname/en/codes/province/12,MCR77,30000000,100,45.000075,-62.999327,1983-11-23
EJNDN,Sillery,und,https://geogratis.gc.ca/services/geoname/en/codes/language/und,,24e21a60be4811d892e2080020a0f4c9,https://geogratis.gc.ca/services/geoname/en/features/24e21a60be4811d892e2080020a0f4c9,H,previouslyOfficial,https://geogratis.gc.ca/services/geoname/en/codes/status/previouslyOfficial,CITY,https://geogratis.gc.ca/services/geoname/en/codes/concise/CITY,23,https://geogratis.gc.ca/services/geoname/en/codes/generic/23,"Québec; Québec",24,https://geogratis.gc.ca/services/geoname/en/codes/province/24,021L14,30000000,100,46.813819,-71.207997,2002-01-24
EPSTH,Saint-Émile,und,https://geogratis.gc.ca/services/geoname/en/codes/language/und,,24e21a60be4811d892e2080020a0f4c9,https://geogratis.gc.ca/services/geoname/en/features/24e21a60be4811d892e2080020a0f4c9,H,previouslyOfficial,https://geogratis.gc.ca/services/geoname/en/codes/status/previouslyOfficial,CITY,https://geogratis.gc.ca/services/geoname/en/codes/concise/CITY,23,https://geogratis.gc.ca/services/geoname/en/codes/generic/23,"Québec; Québec",24,https://geogratis.gc.ca/services/geoname/en/codes/province/24,021L14,30000000,100,46.813819,-71.207997,2002-01-24
HAIMP,Regina,und,https://geogratis.gc.ca/services/geoname/en/codes/language/und,,0c2c63fa849c20c37a6b935d6eea300f,https://geogratis.gc.ca/services/geoname/en/features/0c2c63fa849c20c37a6b935d6eea300f,O,official,https://geogratis.gc.ca/services/geoname/en/codes/status/official,CITY,https://geogratis.gc.ca/services/geoname/en/codes/concise/CITY,1,https://geogratis.gc.ca/services/geoname/en/codes/generic/1,,47,https://geogratis.gc.ca/services/geoname/en/codes/province/47,072I07,30000000,100,50.4548389,-104.6066083,1947-03-13
EFWCZ,Charlesbourg,und,https://geogratis.gc.ca/services/geoname/en/codes/language/und,,24e21a60be4811d892e2080020a0f4c9,https://geogratis.gc.ca/services/geoname/en/features/24e21a60be4811d892e2080020a0f4c9,H,previouslyOfficial,https://geogratis.gc.ca/services/geoname/en/codes/status/previouslyOfficial,CITY,https://geogratis.gc.ca/services/geoname/en/codes/concise/CITY,23,https://geogratis.gc.ca/services/geoname/en/codes/generic/23,"Québec; Québec",24,https://geogratis.gc.ca/services/geoname/en/codes/province/24,021L14,30000000,100,46.813819,-71.207997,2002-01-24
BAEAN,Île-du-Prince-Édouard,und,https://geogratis.gc.ca/services/geoname/en/codes/language/und,,7202fafcba1f11d892e2080020a0f4c9,https://geogratis.gc.ca/services/geoname/en/features/7202fafcba1f11d892e2080020a0f4c9,P,official,https://geogratis.gc.ca/services/geoname/en/codes/status/official,PROV,https://geogratis.gc.ca/services/geoname/en/codes/concise/PROV,491,https://geogratis.gc.ca/services/geoname/en/codes/generic/491,,11,https://geogratis.gc.ca/services/geoname/en/codes/province/11,MCR77,30000000,100,46.5,-63.0,1983-11-23
CAPHL,Halifax,und,https://geogratis.gc.ca/services/geoname/en/codes/language/und,,3cdd11afaf6811d892e2080020a0f4c9,https://geogratis.gc.ca/services/geoname/en/features/3cdd11afaf6811d892e2080020a0f4c9,O,official,https://geogratis.gc.ca/services/geoname/en/codes/status/official,UNP,https://geogratis.gc.ca/services/geoname/en/codes/concise/UNP,208,https://geogratis.gc.ca/services/geoname/en/codes/generic/208,"Halifax",12,https://geogratis.gc.ca/services/geoname/en/codes/province/12,011D12,30000000,100,44.647401,-63.590651,1996-04-01
FEUZB,Toronto,und,https://geogratis.gc.ca/services/geoname/en/codes/language/und,,0e31fef3d05311d892e2080020a0f4c9,https://geogratis.gc.ca/services/geoname/en/features/0e31fef3d05311d892e2080020a0f4c9,O,official,https://geogratis.gc.ca/services/geoname/en/codes/status/official,CITY,https://geogratis.gc.ca/services/geoname/en/codes/concise/CITY,1,https://geogratis.gc.ca/services/geoname/en/codes/generic/1,"York",35,https://geogratis.gc.ca/services/geoname/en/codes/province/35,030M11,30000000,100,43.7417,-79.3733,1998-01-01
LBAMG,Yellowknife,und,https://geogratis.gc.ca/services/geoname/en/codes/language/und,,8a06ef10d05411d892e2080020a0f4c9,https://geogratis.gc.ca/services/geoname/en/features/8a06ef10d05411d892e2080020a0f4c9,O,official,https://geogratis.gc.ca/services/geoname/en/codes/status/official,CITY,https://geogratis.gc.ca/services/geoname/en/codes/concise/CITY,1,https://geogratis.gc.ca/services/geoname/en/codes/generic/1,"Mackenzie",61,https://geogratis.gc.ca/services/geoname/en/codes/province/61,085J08,30000000,100,62.4536,-114.37,1980-05-15
KAHFT,Whitehorse,und,https://geogratis.gc.ca/services/geoname/en/codes/language/und,,0cf79a10849c20c37dcca8291439f697,https://geogratis.gc.ca/services/geoname/en/features/0cf79a10849c20c37dcca8291439f697,O,official,https://geogratis.gc.ca/services/geoname/en/codes/status/official,CITY,https://geogratis.gc.ca/services/geoname/en/codes/concise/CITY,1,https://geogratis.gc.ca/services/geoname/en/codes/generic/1,,60,https://geogratis.gc.ca/services/geoname/en/codes/province/60,105D11,30000000,100,60.7242144,-135.0560981,1948-10-07
EIKFT,Vanier,und,https://geogratis.gc.ca/services/geoname/en/codes/language/und,,24e21a60be4811d892e2080020a0f4c9,https://geogratis.gc.ca/services/geoname/en/features/24e21a60be4811d892e2080020a0f4c9,H,previouslyOfficial,https://geogratis.gc.ca/services/geoname/en/codes/status/previouslyOfficial,CITY,https://geogratis.gc.ca/services/geoname/en/codes/concise/CITY,23,https://geogratis.gc.ca/services/geoname/en/codes/generic/23,"Québec; Québec",24,https://geogratis.gc.ca/services/geoname/en/codes/province/24,021L14,30000000,100,46.813819,-71.207997,2002-01-24
ABRBI,Terre-Neuve,und,https://geogratis.gc.ca/services/geoname/en/codes/language/und,,64b474a0ba1f11d892e2080020a0f4c9,https://geogratis.gc.ca/services/geoname/en/features/64b474a0ba1f11d892e2080020a0f4c9,H,previouslyOfficial,https://geogratis.gc.ca/services/geoname/en/codes/status/previouslyOfficial,PROV,https://geogratis.gc.ca/services/geoname/en/codes/concise/PROV,491,https://geogratis.gc.ca/services/geoname/en/codes/generic/491,,10,https://geogratis.gc.ca/services/geoname/en/codes/province/10,MCR77,30000000,100,53.23,-59.999167,2001-12-06
HAWKP,Saskatchewan,cre,https://geogratis.gc.ca/services/geoname/en/codes/language/cre,,b8df2652bbe011d892e2080020a0f4c9,https://geogratis.gc.ca/services/geoname/en/features/b8df2652bbe011d892e2080020a0f4c9,O,official,https://geogratis.gc.ca/services/geoname/en/codes/status/official,PROV,https://geogratis.gc.ca/services/geoname/en/codes/concise/PROV,491,https://geogratis.gc.ca/services/geoname/en/codes/generic/491,,47,https://geogratis.gc.ca/services/geoname/en/codes/province/47,073J01,30000000,100,54.000051,-106.000496,1905-12-31
EKJCH,Loretteville,und,https://geogratis.gc.ca/services/geoname/en/codes/language/und,,24e21a60be4811d892e2080020a0f4c9,https://geogratis.gc.ca/services/geoname/en/features/24e21a60be4811d892e2080020a0f4c9,H,previouslyOfficial,https://geogratis.gc.ca/services/geoname/en/codes/status/previouslyOfficial,CITY,https://geogratis.gc.ca/services/geoname/en/codes/concise/CITY,23,https://geogratis.gc.ca/services/geoname/en/codes/generic/23,"Québec; Québec",24,https://geogratis.gc.ca/services/geoname/en/codes/province/24,021L14,30000000,100,46.813819,-71.207997,2002-01-24
ABEFS,St. John's,und,https://geogratis.gc.ca/services/geoname/en/codes/language/und,,9922f349c6be11d892e2080020a0f4c9,https://geogratis.gc.ca/services/geoname/en/features/9922f349c6be11d892e2080020a0f4c9,O,official,https://geogratis.gc.ca/services/geoname/en/codes/status/official,CITY,https://geogratis.gc.ca/services/geoname/en/codes/concise/CITY,1,https://geogratis.gc.ca/services/geoname/en/codes/generic/1,,10,https://geogratis.gc.ca/services/geoname/en/codes/province/10,001N07,30000000,100,47.482197,-52.797069,1986-01-01
IAQFZ,Alberta,und,https://geogratis.gc.ca/services/geoname/en/codes/language/und,,b8ebf793bbe011d892e2080020a0f4c9,https://geogratis.gc.ca/services/geoname/en/features/b8ebf793bbe011d892e2080020a0f4c9,O,official,https://geogratis.gc.ca/services/geoname/en/codes/status/official,PROV,https://geogratis.gc.ca/services/geoname/en/codes/concise/PROV,491,https://geogratis.gc.ca/services/geoname/en/codes/generic/491,,48,https://geogratis.gc.ca/services/geoname/en/codes/province/48,MCR27,30000000,100,54.991667,-114.376667,1905-12-31
CBCBY,Nova Scotia,und,https://geogratis.gc.ca/services/geoname/en/codes/language/und,,2abcb7c5af4311d892e2080020a0f4c9,https://geogratis.gc.ca/services/geoname/en/features/2abcb7c5af4311d892e2080020a0f4c9,P,official,https://geogratis.gc.ca/services/geoname/en/codes/status/official,PROV,https://geogratis.gc.ca/services/geoname/en/codes/concise/PROV,491,https://geogratis.gc.ca/services/geoname/en/codes/generic/491,,12,https://geogratis.gc.ca/services/geoname/en/codes/province/12,MCR77,30000000,100,45.000075,-62.999327,1994-02-21
BAARG,Charlottetown,und,https://geogratis.gc.ca/services/geoname/en/codes/language/und,,7793ebdfd05511d892e2080020a0f4c9,https://geogratis.gc.ca/services/geoname/en/features/7793ebdfd05511d892e2080020a0f4c9,O,official,https://geogratis.gc.ca/services/geoname/en/codes/status/official,CITY,https://geogratis.gc.ca/services/geoname/en/codes/concise/CITY,1,https://geogratis.gc.ca/services/geoname/en/codes/generic/1,"Queens",11,https://geogratis.gc.ca/services/geoname/en/codes/province/11,011L03,30000000,100,46.240278,-63.134722,1996-06-17
DBBWQ,Nouveau-Brunswick,und,https://geogratis.gc.ca/services/geoname/en/codes/language/und,,7bf1dba0ba1f11d892e2080020a0f4c9,https://geogratis.gc.ca/services/geoname/en/features/7bf1dba0ba1f11d892e2080020a0f4c9,P,official,https://geogratis.gc.ca/services/geoname/en/codes/status/official,PROV,https://geogratis.gc.ca/services/geoname/en/codes/concise/PROV,491,https://geogratis.gc.ca/services/geoname/en/codes/generic/491,,13,https://geogratis.gc.ca/services/geoname/en/codes/province/13,MCR77,30000000,100,46.5,-66.0,1983-11-23
FEVNT,Ottawa,und,https://geogratis.gc.ca/services/geoname/en/codes/language/und,,f7365c02d05211d892e2080020a0f4c9,https://geogratis.gc.ca/services/geoname/en/features/f7365c02d05211d892e2080020a0f4c9,O,official,https://geogratis.gc.ca/services/geoname/en/codes/status/official,CITY,https://geogratis.gc.ca/services/geoname/en/codes/concise/CITY,1,https://geogratis.gc.ca/services/geoname/en/codes/generic/1,"Carleton; Russell",35,https://geogratis.gc.ca/services/geoname/en/codes/province/35,031G05,30000000,100,45.33339,-75.58429,2001-01-01
JAGOO,Fort Nelson,und,https://geogratis.gc.ca/services/geoname/en/codes/language/und,,a5e977610a00120468c95daa13f11787,https://geogratis.gc.ca/services/geoname/en/features/a5e977610a00120468c95daa13f11787,H,previouslyOfficial,https://geogratis.gc.ca/services/geoname/en/codes/status/previouslyOfficial,TOWN,https://geogratis.gc.ca/services/geoname/en/codes/concise/TOWN,2,https://geogratis.gc.ca/services/geoname/en/codes/generic/2,"Peace River Land District",59,https://geogratis.gc.ca/services/geoname/en/codes/province/59,094J15,15000000,100,58.805555,-122.697222,2009-02-06
OAMLL,Pangnirtung,und,https://geogratis.gc.ca/services/geoname/en/codes/language/und,,4b4f1114d05511d892e2080020a0f4c9,https://geogratis.gc.ca/services/geoname/en/features/4b4f1114d05511d892e2080020a0f4c9,O,official,https://geogratis.gc.ca/services/geoname/en/codes/status/official,HAM,https://geogratis.gc.ca/services/geoname/en/codes/concise/HAM,11,https://geogratis.gc.ca/services/geoname/en/codes/generic/11,,62,https://geogratis.gc.ca/services/geoname/en/codes/province/62,026I04,15000000,100,66.144444,-65.715278,1980-03-12
ENRVW,Laterrière,und,https://geogratis.gc.ca/services/geoname/en/codes/language/und,,0d0a0d04849c20c3be7d900ce5db3cb6,https://geogratis.gc.ca/services/geoname/en/features/0d0a0d04849c20c3be7d900ce5db3cb6,H,previouslyOfficial,https://geogratis.gc.ca/services/geoname/en/codes/status/previouslyOfficial,CITY,https://geogratis.gc.ca/services/geoname/en/codes/concise/CITY,23,https://geogratis.gc.ca/services/geoname/en/codes/generic/23,"Saguenay; Saguenay",24,https://geogratis.gc.ca/services/geoname/en/codes/province/24,022D06,15000000,100,48.428221,-71.062202,2002-06-11
EIIKE,Tremblay,und,https://geogratis.gc.ca/services/geoname/en/codes/language/und,,0d0a0d04849c20c3be7d900ce5db3cb6,https://geogratis.gc.ca/services/geoname/en/features/0d0a0d04849c20c3be7d900ce5db3cb6,H,previouslyOfficial,https://geogratis.gc.ca/services/geoname/en/codes/status/previouslyOfficial,VILG,https://geogratis.gc.ca/services/geoname/en/codes/concise/VILG,27,https://geogratis.gc.ca/services/geoname/en/codes/generic/27,"Saguenay; Saguenay",24,https://geogratis.gc.ca/services/geoname/en/codes/province/24,022D06,15000000,100,48.428221,-71.062202,2002-06-11
ENATC,Saint-Charles-de-Drummond,und,https://geogratis.gc.ca/services/geoname/en/codes/language/und,,0cc3c2bb849c20c344ad10d8e995dc97,https://geogratis.gc.ca/services/geoname/en/features/0cc3c2bb849c20c344ad10d8e995dc97,H,previouslyOfficial,https://geogratis.gc.ca/services/geoname/en/codes/status/previouslyOfficial,VILG,https://geogratis.gc.ca/services/geoname/en/codes/concise/VILG,14,https://geogratis.gc.ca/services/geoname/en/codes/generic/14,"Drummondville; Drummond",24,https://geogratis.gc.ca/services/geoname/en/codes/province/24,031H16,15000000,100,45.880577,-72.484058,2004-08-17
KAHDJ,Watson Lake,und,https://geogratis.gc.ca/services/geoname/en/codes/language/und,,37b955c0d05511d892e2080020a0f4c9,https://geogratis.gc.ca/services/geoname/en/features/37b955c0d05511d892e2080020a0f4c9,O,official,https://geogratis.gc.ca/services/geoname/en/codes/status/official,TOWN,https://geogratis.gc.ca/services/geoname/en/codes/concise/TOWN,2,https://geogratis.gc.ca/services/geoname/en/codes/generic/2,,60,https://geogratis.gc.ca/services/geoname/en/codes/province/60,105A02,15000000,100,60.0624374,-128.7068575,1980-07-14
FDZCP,Sault Ste. Marie,und,https://geogratis.gc.ca/services/geoname/en/codes/language/und,,99735d40c6be11d892e2080020a0f4c9,https://geogratis.gc.ca/services/geoname/en/features/99735d40c6be11d892e2080020a0f4c9,O,official,https://geogratis.gc.ca/services/geoname/en/codes/status/official,CITY,https://geogratis.gc.ca/services/geoname/en/codes/concise/CITY,1,https://geogratis.gc.ca/services/geoname/en/codes/generic/1,"Algoma",35,https://geogratis.gc.ca/services/geoname/en/codes/province/35,041K09,15000000,100,46.558889,-84.346944,1965-01-01
JBLVS,Prince George,und,https://geogratis.gc.ca/services/geoname/en/codes/language/und,,0cfb55be849c20c3cfd0aafa5573bf6c,https://geogratis.gc.ca/services/geoname/en/features/0cfb55be849c20c3cfd0aafa5573bf6c,O,official,https://geogratis.gc.ca/services/geoname/en/codes/status/official,CITY,https://geogratis.gc.ca/services/geoname/en/codes/concise/CITY,1,https://geogratis.gc.ca/services/geoname/en/codes/generic/1,"Cariboo Land District",59,https://geogratis.gc.ca/services/geoname/en/codes/province/59,093G15,15000000,100,53.913056,-122.745278,1958-10-02
AAEOU,Corner Brook,und,https://geogratis.gc.ca/services/geoname/en/codes/language/und,,892b1f64c6be11d892e2080020a0f4c9,https://geogratis.gc.ca/services/geoname/en/features/892b1f64c6be11d892e2080020a0f4c9,O,official,https://geogratis.gc.ca/services/geoname/en/codes/status/official,CITY,https://geogratis.gc.ca/services/geoname/en/codes/concise/CITY,1,https://geogratis.gc.ca/services/geoname/en/codes/generic/1,"Humber East; Humber West",10,https://geogratis.gc.ca/services/geoname/en/codes/province/10,012A13,15000000,100,48.941111,-57.970278,1977-10-07
EHHSZ,Mont-Lebel,und,https://geogratis.gc.ca/services/geoname/en/codes/language/und,,58922511bf9311d892e2080020a0f4c9,https://geogratis.gc.ca/services/geoname/en/features/58922511bf9311d892e2080020a0f4c9,H,previouslyOfficial,https://geogratis.gc.ca/services/geoname/en/codes/status/previouslyOfficial,VILG,https://geogratis.gc.ca/services/geoname/en/codes/concise/VILG,14,https://geogratis.gc.ca/services/geoname/en/codes/generic/14,"Rimouski; Rimouski-Neigette",24,https://geogratis.gc.ca/services/geoname/en/codes/province/24,022C07,15000000,100,48.449138,-68.525096,2002-01-24
FCDJZ,Marathon,und,https://geogratis.gc.ca/services/geoname/en/codes/language/und,,0350165fd05411d892e2080020a0f4c9,https://geogratis.gc.ca/services/geoname/en/features/0350165fd05411d892e2080020a0f4c9,O,official,https://geogratis.gc.ca/services/geoname/en/codes/status/official,UNP,https://geogratis.gc.ca/services/geoname/en/codes/concise/UNP,105,https://geogratis.gc.ca/services/geoname/en/codes/generic/105,"Thunder Bay",35,https://geogratis.gc.ca/services/geoname/en/codes/province/35,042D09,15000000,100,48.71733,-86.38051,1968-07-17
EHWAH,Rimouski-Est,und,https://geogratis.gc.ca/services/geoname/en/codes/language/und,,58922511bf9311d892e2080020a0f4c9,https://geogratis.gc.ca/services/geoname/en/features/58922511bf9311d892e2080020a0f4c9,H,previouslyOfficial,https://geogratis.gc.ca/services/geoname/en/codes/status/previouslyOfficial,TOWN,https://geogratis.gc.ca/services/geoname/en/codes/concise/TOWN,30,https://geogratis.gc.ca/services/geoname/en/codes/generic/30,"Rimouski; Rimouski-Neigette",24,https://geogratis.gc.ca/services/geoname/en/codes/province/24,022C07,15000000,100,48.449138,-68.525096,2002-01-24
EGLKA,Gallix,und,https://geogratis.gc.ca/services/geoname/en/codes/language/und,,58a3ff62bf9311d892e2080020a0f4c9,https://geogratis.gc.ca/services/geoname/en/features/58a3ff62bf9311d892e2080020a0f4c9,H,previouslyOfficial,https://geogratis.gc.ca/services/geoname/en/codes/status/previouslyOfficial,VILG,https://geogratis.gc.ca/services/geoname/en/codes/concise/VILG,14,https://geogratis.gc.ca/services/geoname/en/codes/generic/14,"Sept-Îles; Sept-Rivières",24,https://geogratis.gc.ca/services/geoname/en/codes/province/24,022J01,15000000,100,50.209655,-66.38518,2003-02-27
KAEVF,Old Crow,und,https://geogratis.gc.ca/services/geoname/en/codes/language/und,,76393dc1d05511d892e2080020a0f4c9,https://geogratis.gc.ca/services/geoname/en/features/76393dc1d05511d892e2080020a0f4c9,O,official,https://geogratis.gc.ca/services/geoname/en/codes/status/official,UNP,https://geogratis.gc.ca/services/geoname/en/codes/concise/UNP,104,https://geogratis.gc.ca/services/geoname/en/codes/generic/104,,60,https://geogratis.gc.ca/services/geoname/en/codes/province/60,116O12,15000000,100,67.5686111,-139.8352778,1981-10-09
EMEJC,L'Île-Bizard,und,https://geogratis.gc.ca/services/geoname/en/codes/language/und,,08b1ec0ebe3d11d892e2080020a0f4c9,https://geogratis.gc.ca/services/geoname/en/features/08b1ec0ebe3d11d892e2080020a0f4c9,H,previouslyOfficial,https://geogratis.gc.ca/services/geoname/en/codes/status/previouslyOfficial,CITY,https://geogratis.gc.ca/services/geoname/en/codes/concise/CITY,23,https://geogratis.gc.ca/services/geoname/en/codes/generic/23,"Montréal; Montréal",24,https://geogratis.gc.ca/services/geoname/en/codes/province/24,031H12,15000000,100,45.508822,-73.554077,2002-01-24
EFXCL,Chicoutimi,und,https://geogratis.gc.ca/services/geoname/en/codes/language/und,,0d0a0d04849c20c3be7d900ce5db3cb6,https://geogratis.gc.ca/services/geoname/en/features/0d0a0d04849c20c3be7d900ce5db3cb6,H,previouslyOfficial,https://geogratis.gc.ca/services/geoname/en/codes/status/previouslyOfficial,CITY,https://geogratis.gc.ca/services/geoname/en/codes/concise/CITY,23,https://geogratis.gc.ca/services/geoname/en/codes/generic/23,"Saguenay; Saguenay",24,https://geogratis.gc.ca/services/geoname/en/codes/province/24,022D06,15000000,100,48.428221,-71.062202,2002-06-11
ELYMI,Le Bic,und,https://geogratis.gc.ca/services/geoname/en/codes/language/und,,58922511bf9311d892e2080020a0f4c9,https://geogratis.gc.ca/services/geoname/en/features/58922511bf9311d892e2080020a0f4c9,H,previouslyOfficial,https://geogratis.gc.ca/services/geoname/en/codes/status/previouslyOfficial,VILG,https://geogratis.gc.ca/services/geoname/en/codes/concise/VILG,14,https://geogratis.gc.ca/services/geoname/en/codes/generic/14,"Rimouski; Rimouski-Neigette",24,https://geogratis.gc.ca/services/geoname/en/codes/province/24,022C07,15000000,100,48.449138,-68.525096,2009-12-01
OADUG,Coppermine,und,https://geogratis.gc.ca/services/geoname/en/codes/language/und,,183be172d05311d892e2080020a0f4c9,https://geogratis.gc.ca/services/geoname/en/features/183be172d05311d892e2080020a0f4c9,H,previouslyOfficial,https://geogratis.gc.ca/services/geoname/en/codes/status/previouslyOfficial,HAM,https://geogratis.gc.ca/services/geoname/en/codes/concise/HAM,11,https://geogratis.gc.ca/services/geoname/en/codes/generic/11,,62,https://geogratis.gc.ca/services/geoname/en/codes/province/62,086O14,15000000,100,67.826667,-115.09333,1996-01-01
IAHMM,Grande Prairie,und,https://geogratis.gc.ca/services/geoname/en/codes/language/und,,7a67094ed05511d892e2080020a0f4c9,https://geogratis.gc.ca/services/geoname/en/features/7a67094ed05511d892e2080020a0f4c9,O,official,https://geogratis.gc.ca/services/geoname/en/codes/status/official,CITY,https://geogratis.gc.ca/services/geoname/en/codes/concise/CITY,1,https://geogratis.gc.ca/services/geoname/en/codes/generic/1,"71-6-W6",48,https://geogratis.gc.ca/services/geoname/en/codes/province/48,083M02,15000000,100,55.1708334,-118.7961111,1995-01-01
EJIXR,Vassan,und,https://geogratis.gc.ca/services/geoname/en/codes/language/und,,0b6861a6be5411d892e2080020a0f4c9,https://geogratis.gc.ca/services/geoname/en/features/0b6861a6be5411d892e2080020a0f4c9,H,previouslyOfficial,https://geogratis.gc.ca/services/geoname/en/codes/status/previouslyOfficial,VILG,https://geogratis.gc.ca/services/geoname/en/codes/concise/VILG,14,https://geogratis.gc.ca/services/geoname/en/codes/generic/14,"Val-d'Or; La Vallée-de-l'Or",24,https://geogratis.gc.ca/services/geoname/en/codes/province/24,032C04,15000000,100,48.102044,-77.789358,2002-01-24
LAILM,Fort Simpson,und,https://geogratis.gc.ca/services/geoname/en/codes/language/und,,409dcaf7d05511d892e2080020a0f4c9,https://geogratis.gc.ca/services/geoname/en/features/409dcaf7d05511d892e2080020a0f4c9,O,official,https://geogratis.gc.ca/services/geoname/en/codes/status/official,VILG,https://geogratis.gc.ca/services/geoname/en/codes/concise/VILG,3,https://geogratis.gc.ca/services/geoname/en/codes/generic/3,"Mackenzie",61,https://geogratis.gc.ca/services/geoname/en/codes/province/61,095H14,15000000,100,61.8609,-121.3527,1980-06-12
EHQLA,Pierrefonds,und,https://geogratis.gc.ca/services/geoname/en/codes/language/und,,08b1ec0ebe3d11d892e2080020a0f4c9,https://geogratis.gc.ca/services/geoname/en/features/08b1ec0ebe3d11d892e2080020a0f4c9,H,previouslyOfficial,https://geogratis.gc.ca/services/geoname/en/codes/status/previouslyOfficial,CITY,https://geogratis.gc.ca/services/geoname/en/codes/concise/CITY,23,https://geogratis.gc.ca/services/geoname/en/codes/generic/23,"Montréal; Montréal",24,https://geogratis.gc.ca/services/geoname/en/codes/province/24,031H12,15000000,100,45.508822,-73.554077,2002-01-24
EITMG,Baie-de-Gaspé-Nord,und,https://geogratis.gc.ca/services/geoname/en/codes/language/und,,76bca836be1711d892e2080020a0f4c9,https://geogratis.gc.ca/services/geoname/en/features/76bca836be1711d892e2080020a0f4c9,H,previouslyOfficial,https://geogratis.gc.ca/services/geoname/en/codes/status/previouslyOfficial,VILG,https://geogratis.gc.ca/services/geoname/en/codes/concise/VILG,27,https://geogratis.gc.ca/services/geoname/en/codes/generic/27,"Gaspé; La Côte-de-Gaspé",24,https://geogratis.gc.ca/services/geoname/en/codes/province/24,022A16,15000000,100,48.824618,-64.476254,1976-12-24
GBBRP,Thompson,und,https://geogratis.gc.ca/services/geoname/en/codes/language/und,,da3fd8f8bef211d892e2080020a0f4c9,https://geogratis.gc.ca/services/geoname/en/features/da3fd8f8bef211d892e2080020a0f4c9,O,official,https://geogratis.gc.ca/services/geoname/en/codes/status/official,CITY,https://geogratis.gc.ca/services/geoname/en/codes/concise/CITY,1,https://geogratis.gc.ca/services/geoname/en/codes/generic/1,,46,https://geogratis.gc.ca/services/geoname/en/codes/province/46,063P12,15000000,100,55.743333,-97.855278,1957-10-16
ACRWH,Happy Valley - Goose Bay,und,https://geogratis.gc.ca/services/geoname/en/codes/language/und,,1ad8535bc6be11d892e2080020a0f4c9,https://geogratis.gc.ca/services/geoname/en/features/1ad8535bc6be11d892e2080020a0f4c9,O,official,https://geogratis.gc.ca/services/geoname/en/codes/status/official,TOWN,https://geogratis.gc.ca/services/geoname/en/codes/concise/TOWN,2,https://geogratis.gc.ca/services/geoname/en/codes/generic/2,,10,https://geogratis.gc.ca/services/geoname/en/codes/province/10,013F08,15000000,100,53.341739,-60.448803,1996-04-12
FCWMG,Timmins,und,https://geogratis.gc.ca/services/geoname/en/codes/language/und,,9960e012d05511d892e2080020a0f4c9,https://geogratis.gc.ca/services/geoname/en/features/9960e012d05511d892e2080020a0f4c9,O,official,https://geogratis.gc.ca/services/geoname/en/codes/status/official,CITY,https://geogratis.gc.ca/services/geoname/en/codes/concise/CITY,1,https://geogratis.gc.ca/services/geoname/en/codes/generic/1,"Cochrane",35,https://geogratis.gc.ca/services/geoname/en/codes/province/35,042A06,15000000,100,48.47153,-81.33132,1989-05-19
KABPC,Dawson,und,https://geogratis.gc.ca/services/geoname/en/codes/language/und,,26f445dbd05511d892e2080020a0f4c9,https://geogratis.gc.ca/services/geoname/en/features/26f445dbd05511d892e2080020a0f4c9,O,official,https://geogratis.gc.ca/services/geoname/en/codes/status/official,TOWN,https://geogratis.gc.ca/services/geoname/en/codes/concise/TOWN,2,https://geogratis.gc.ca/services/geoname/en/codes/generic/2,,60,https://geogratis.gc.ca/services/geoname/en/codes/province/60,116B03,15000000,100,64.06,-139.431944,1981-03-30
EHZGN,Sainte-Blandine,und,https://geogratis.gc.ca/services/geoname/en/codes/language/und,,58922511bf9311d892e2080020a0f4c9,https://geogratis.gc.ca/services/geoname/en/features/58922511bf9311d892e2080020a0f4c9,H,previouslyOfficial,https://geogratis.gc.ca/services/geoname/en/codes/status/previouslyOfficial,VILG,https://geogratis.gc.ca/services/geoname/en/codes/concise/VILG,29,https://geogratis.gc.ca/services/geoname/en/codes/generic/29,"Rimouski; Rimouski-Neigette",24,https://geogratis.gc.ca/services/geoname/en/codes/province/24,022C07,15000000,100,48.449138,-68.525096,2002-01-24
ABFQA,Labrador City,und,https://geogratis.gc.ca/services/geoname/en/codes/language/und,,20d315f4c6be11d892e2080020a0f4c9,https://geogratis.gc.ca/services/geoname/en/features/20d315f4c6be11d892e2080020a0f4c9,O,official,https://geogratis.gc.ca/services/geoname/en/codes/status/official,TOWN,https://geogratis.gc.ca/services/geoname/en/codes/concise/TOWN,2,https://geogratis.gc.ca/services/geoname/en/codes/generic/2,,10,https://geogratis.gc.ca/services/geoname/en/codes/province/10,023B15,15000000,100,52.9605694,-66.9365973,2001-06-22
EFXAC,Chibougamau,crl,https://geogratis.gc.ca/services/geoname/en/codes/language/crl,,bec5a027bbef11d892e2080020a0f4c9,https://geogratis.gc.ca/services/geoname/en/features/bec5a027bbef11d892e2080020a0f4c9,O,official,https://geogratis.gc.ca/services/geoname/en/codes/status/official,CITY,https://geogratis.gc.ca/services/geoname/en/codes/concise/CITY,23,https://geogratis.gc.ca/services/geoname/en/codes/generic/23,"Chibougamau; Nord-du-Québec",24,https://geogratis.gc.ca/services/geoname/en/codes/province/24,032G16,15000000,100,49.913227,-74.368532,1968-12-05
EJNDU,Saint-Léonard,und,https://geogratis.gc.ca/services/geoname/en/codes/language/und,,08b1ec0ebe3d11d892e2080020a0f4c9,https://geogratis.gc.ca/services/geoname/en/features/08b1ec0ebe3d11d892e2080020a0f4c9,H,previouslyOfficial,https://geogratis.gc.ca/services/geoname/en/codes/status/previouslyOfficial,CITY,https://geogratis.gc.ca/services/geoname/en/codes/concise/CITY,23,https://geogratis.gc.ca/services/geoname/en/codes/generic/23,"Montréal; Montréal",24,https://geogratis.gc.ca/services/geoname/en/codes/province/24,031H12,15000000,100,45.508822,-73.554077,2002-01-24
EJJIZ,Kuujjuaq,ike,https://geogratis.gc.ca/services/geoname/en/codes/language/ike,,6e756540bf9111d892e2080020a0f4c9,https://geogratis.gc.ca/services/geoname/en/features/6e756540bf9111d892e2080020a0f4c9,O,official,https://geogratis.gc.ca/services/geoname/en/codes/status/official,VILG,https://geogratis.gc.ca/services/geoname/en/codes/concise/VILG,34,https://geogratis.gc.ca/services/geoname/en/codes/generic/34,"Kuujjuaq; Nord-du-Québec",24,https://geogratis.gc.ca/services/geoname/en/codes/province/24,024K01,15000000,100,58.107516,-68.399563,1979-02-26
EIFHY,Sullivan,und,https://geogratis.gc.ca/services/geoname/en/codes/language/und,,0b6861a6be5411d892e2080020a0f4c9,https://geogratis.gc.ca/services/geoname/en/features/0b6861a6be5411d892e2080020a0f4c9,H,previouslyOfficial,https://geogratis.gc.ca/services/geoname/en/codes/status/previouslyOfficial,VILG,https://geogratis.gc.ca/services/geoname/en/codes/concise/VILG,14,https://geogratis.gc.ca/services/geoname/en/codes/generic/14,"Val-d'Or; La Vallée-de-l'Or",24,https://geogratis.gc.ca/services/geoname/en/codes/province/24,032C04,15000000,100,48.102044,-77.789358,2002-01-24
EITTI,Saint-Majorique,und,https://geogratis.gc.ca/services/geoname/en/codes/language/und,,76bca836be1711d892e2080020a0f4c9,https://geogratis.gc.ca/services/geoname/en/features/76bca836be1711d892e2080020a0f4c9,H,previouslyOfficial,https://geogratis.gc.ca/services/geoname/en/codes/status/previouslyOfficial,VILG,https://geogratis.gc.ca/services/geoname/en/codes/concise/VILG,14,https://geogratis.gc.ca/services/geoname/en/codes/generic/14,"Gaspé; La Côte-de-Gaspé",24,https://geogratis.gc.ca/services/geoname/en/codes/province/24,022A16,15000000,100,48.824618,-64.476254,1976-12-24
AAPBP,Nain,und,https://geogratis.gc.ca/services/geoname/en/codes/language/und,,dd116fcbd05311d892e2080020a0f4c9,https://geogratis.gc.ca/services/geoname/en/features/dd116fcbd05311d892e2080020a0f4c9,O,official,https://geogratis.gc.ca/services/geoname/en/codes/status/official,VILG,https://geogratis.gc.ca/services/geoname/en/codes/concise/VILG,37,https://geogratis.gc.ca/services/geoname/en/codes/generic/37,"Torngat Mountains",10,https://geogratis.gc.ca/services/geoname/en/codes/province/10,014C12,15000000,100,56.536319,-61.718942,2006-10-20
IADVK,Lloydminster,und,https://geogratis.gc.ca/services/geoname/en/codes/language/und,,5bc0b0f5ba3411d892e2080020a0f4c9,https://geogratis.gc.ca/services/geoname/en/features/5bc0b0f5ba3411d892e2080020a0f4c9,O,official,https://geogratis.gc.ca/services/geoname/en/codes/status/official,CITY,https://geogratis.gc.ca/services/geoname/en/codes/concise/CITY,1,https://geogratis.gc.ca/services/geoname/en/codes/generic/1,"1-50-1-W4",48,https://geogratis.gc.ca/services/geoname/en/codes/province/48,073F05,15000000,100,53.2779556,-109.9802528,1995-01-01
OADDB,Cape Dorset,und,https://geogratis.gc.ca/services/geoname/en/codes/language/und,,3d613d4ed05511d892e2080020a0f4c9,https://geogratis.gc.ca/services/geoname/en/features/3d613d4ed05511d892e2080020a0f4c9,H,previouslyOfficial,https://geogratis.gc.ca/services/geoname/en/codes/status/previouslyOfficial,HAM,https://geogratis.gc.ca/services/geoname/en/codes/concise/HAM,11,https://geogratis.gc.ca/services/geoname/en/codes/generic/11,,62,https://geogratis.gc.ca/services/geoname/en/codes/province/62,036C02,15000000,100,64.2333,-76.5417,2020-02-28
EQSHJ,Saint-Nicéphore,und,https://geogratis.gc.ca/services/geoname/en/codes/language/und,,0cc3c2bb849c20c344ad10d8e995dc97,https://geogratis.gc.ca/services/geoname/en/features/0cc3c2bb849c20c344ad10d8e995dc97,H,previouslyOfficial,https://geogratis.gc.ca/services/geoname/en/codes/status/previouslyOfficial,CITY,https://geogratis.gc.ca/services/geoname/en/codes/concise/CITY,23,https://geogratis.gc.ca/services/geoname/en/codes/generic/23,"Drummondville; Drummond",24,https://geogratis.gc.ca/services/geoname/en/codes/province/24,031H16,15000000,100,45.880577,-72.484058,2004-08-17
FCTOV,Sudbury,und,https://geogratis.gc.ca/services/geoname/en/codes/language/und,,5e61a68fc6ce11d892e2080020a0f4c9,https://geogratis.gc.ca/services/geoname/en/features/5e61a68fc6ce11d892e2080020a0f4c9,O,official,https://geogratis.gc.ca/services/geoname/en/codes/status/official,UNP,https://geogratis.gc.ca/services/geoname/en/codes/concise/UNP,121,https://geogratis.gc.ca/services/geoname/en/codes/generic/121,"Sudbury",35,https://geogratis.gc.ca/services/geoname/en/codes/province/35,041I07,15000000,100,46.5011111,-80.9775,2001-01-01
JBIFM,Muskwa,mis,https://geogratis.gc.ca/services/geoname/en/codes/language/mis,,a5e977610a00120468c95daa13f11787,https://geogratis.gc.ca/services/geoname/en/features/a5e977610a00120468c95daa13f11787,H,previouslyOfficial,https://geogratis.gc.ca/services/geoname/en/codes/status/previouslyOfficial,UNP,https://geogratis.gc.ca/services/geoname/en/codes/concise/UNP,159,https://geogratis.gc.ca/services/geoname/en/codes/generic/159,"Peace River Land District",59,https://geogratis.gc.ca/services/geoname/en/codes/province/59,094J15,15000000,100,58.805555,-122.697222,1957-11-07
JAGPB,Fort St. John,und,https://geogratis.gc.ca/services/geoname/en/codes/language/und,,c781b014c6cd11d892e2080020a0f4c9,https://geogratis.gc.ca/services/geoname/en/features/c781b014c6cd11d892e2080020a0f4c9,O,official,https://geogratis.gc.ca/services/geoname/en/codes/status/official,CITY,https://geogratis.gc.ca/services/geoname/en/codes/concise/CITY,1,https://geogratis.gc.ca/services/geoname/en/codes/generic/1,"Peace River Land District",59,https://geogratis.gc.ca/services/geoname/en/codes/province/59,094A02,15000000,100,56.2525,-120.846667,1981-12-15
EHZJN,Sainte-Geneviève,und,https://geogratis.gc.ca/services/geoname/en/codes/language/und,,08b1ec0ebe3d11d892e2080020a0f4c9,https://geogratis.gc.ca/services/geoname/en/features/08b1ec0ebe3d11d892e2080020a0f4c9,H,previouslyOfficial,https://geogratis.gc.ca/services/geoname/en/codes/status/previouslyOfficial,CITY,https://geogratis.gc.ca/services/geoname/en/codes/concise/CITY,23,https://geogratis.gc.ca/services/geoname/en/codes/generic/23,"Montréal; Montréal",24,https://geogratis.gc.ca/services/geoname/en/codes/province/24,031H12,15000000,100,45.508822,-73.554077,2002-01-24
HAPKT,Swift Current,und,https://geogratis.gc.ca/services/geoname/en/codes/language/und,,0c2fd0d6849c20c3b91056e550b5fa13,https://geogratis.gc.ca/services/geoname/en/features/0c2fd0d6849c20c3b91056e550b5fa13,O,official,https://geogratis.gc.ca/services/geoname/en/codes/status/official,CITY,https://geogratis.gc.ca/services/geoname/en/codes/concise/CITY,1,https://geogratis.gc.ca/services/geoname/en/codes/generic/1,,47,https://geogratis.gc.ca/services/geoname/en/codes/province/47,072J05,15000000,100,50.2881611,-107.7938944,1956-11-02
EGUFW,Jonquière,und,https://geogratis.gc.ca/services/geoname/en/codes/language/und,,0d0a0d04849c20c3be7d900ce5db3cb6,https://geogratis.gc.ca/services/geoname/en/features/0d0a0d04849c20c3be7d900ce5db3cb6,H,previouslyOfficial,https://geogratis.gc.ca/services/geoname/en/codes/status/previouslyOfficial,CITY,https://geogratis.gc.ca/services/geoname/en/codes/concise/CITY,23,https://geogratis.gc.ca/services/geoname/en/codes/generic/23,"Saguenay; Saguenay",24,https://geogratis.gc.ca/services/geoname/en/codes/province/24,022D06,15000000,100,48.428221,-71.062202,2002-06-11
LAILN,Fort Smith,und,https://geogratis.gc.ca/services/geoname/en/codes/language/und,,083f53a6c6ce11d892e2080020a0f4c9,https://geogratis.gc.ca/services/geoname/en/features/083f53a6c6ce11d892e2080020a0f4c9,O,official,https://geogratis.gc.ca/services/geoname/en/codes/status/official,TOWN,https://geogratis.gc.ca/services/geoname/en/codes/concise/TOWN,2,https://geogratis.gc.ca/services/geoname/en/codes/generic/2,"Mackenzie",61,https://geogratis.gc.ca/services/geoname/en/codes/province/61,075D04,15000000,100,60.0053,-111.8829,1966-10-01
EIAHI,Saint-Laurent,und,https://geogratis.gc.ca/services/geoname/en/codes/language/und,,08b1ec0ebe3d11d892e2080020a0f4c9,https://geogratis.gc.ca/services/geoname/en/features/08b1ec0ebe3d11d892e2080020a0f4c9,H,previouslyOfficial,https://geogratis.gc.ca/services/geoname/en/codes/status/previouslyOfficial,CITY,https://geogratis.gc.ca/services/geoname/en/codes/concise/CITY,23,https://geogratis.gc.ca/services/geoname/en/codes/generic/23,"Montréal; Montréal",24,https://geogratis.gc.ca/services/geoname/en/codes/province/24,031H12,15000000,100,45.508822,-73.554077,2002-01-24
HACAW,Flin Flon,und,https://geogratis.gc.ca/services/geoname/en/codes/language/und,,d3f41f25ba2f11d892e2080020a0f4c9,https://geogratis.gc.ca/services/geoname/en/features/d3f41f25ba2f11d892e2080020a0f4c9,O,official,https://geogratis.gc.ca/services/geoname/en/codes/status/official,UNP,https://geogratis.gc.ca/services/geoname/en/codes/concise/UNP,200,https://geogratis.gc.ca/services/geoname/en/codes/generic/200,,47,https://geogratis.gc.ca/services/geoname/en/codes/province/47,063K13,15000000,100,54.766735,-101.867054,1948-01-06
FDUPD,Moosonee,und,https://geogratis.gc.ca/services/geoname/en/codes/language/und,,0c5ce23c849c20c32fd9baf5dba803f6,https://geogratis.gc.ca/services/geoname/en/features/0c5ce23c849c20c32fd9baf5dba803f6,O,official,https://geogratis.gc.ca/services/geoname/en/codes/status/official,UNP,https://geogratis.gc.ca/services/geoname/en/codes/concise/UNP,105,https://geogratis.gc.ca/services/geoname/en/codes/generic/105,"Cochrane",35,https://geogratis.gc.ca/services/geoname/en/codes/province/35,042P07,15000000,100,51.2736387,-80.6437654,1949-03-03
IADGP,Lethbridge,und,https://geogratis.gc.ca/services/geoname/en/codes/language/und,,9d7ced64d05411d892e2080020a0f4c9,https://geogratis.gc.ca/services/geoname/en/features/9d7ced64d05411d892e2080020a0f4c9,O,official,https://geogratis.gc.ca/services/geoname/en/codes/status/official,CITY,https://geogratis.gc.ca/services/geoname/en/codes/concise/CITY,1,https://geogratis.gc.ca/services/geoname/en/codes/generic/1,"8,9-21-W4",48,https://geogratis.gc.ca/services/geoname/en/codes/province/48,082H10,15000000,100,49.6936111,-112.8419444,1995-01-01
FBUUF,Kingston,und,https://geogratis.gc.ca/services/geoname/en/codes/language/und,,4faf2311c6ce11d892e2080020a0f4c9,https://geogratis.gc.ca/services/geoname/en/features/4faf2311c6ce11d892e2080020a0f4c9,O,official,https://geogratis.gc.ca/services/geoname/en/codes/status/official,UNP,https://geogratis.gc.ca/services/geoname/en/codes/concise/UNP,121,https://geogratis.gc.ca/services/geoname/en/codes/generic/121,"Frontenac",35,https://geogratis.gc.ca/services/geoname/en/codes/province/35,031C01,15000000,100,44.2347222,-76.5108334,1998-01-01
